RPT Number,Discharge Capacity,Current Cycles,Temperature,Past Cycles,Past Discharge Capacity,Commercial,Residential,Calendar,No Calendar,1C,3C,C/2,C/4,Percent Capacity Decrease,Category,g1,v4,v5,w10,w8,w9
1,4.58842277526855,8,35,220.0,4.6,True,False,False,True,False,True,False,False,0.2516787985097695,True,True,False,False,False,False,False
1,4.55840921401978,8,35,252.0,4.6024,False,True,False,True,False,False,False,True,0.9558227442251964,True,False,True,False,False,False,False
1,4.67888450622559,8,35,37.0,4.7055,True,False,False,True,True,False,False,False,0.5656251997536801,True,False,False,True,False,False,False
1,4.43834257125854,8,35,358.0,4.4591,False,True,False,True,False,True,False,False,0.4655071368989413,True,False,False,False,True,False,False
1,4.42225360870361,8,35,355.0,4.4568,True,False,False,True,False,False,True,False,0.7751389179768127,True,False,False,False,False,True,False
1,4.4433274269104,8,35,349.0,4.4636,False,True,False,True,True,False,False,False,0.4541753985482387,True,False,False,False,False,False,True
2,4.57675933837891,5,20,225.0,4.58842277526855,True,False,False,True,False,True,False,False,0.2541927250580742,True,True,False,False,False,False,False
2,4.55290937423706,5,20,257.0,4.55840921401978,False,True,False,True,False,False,False,True,0.1206526120078237,False,False,True,False,False,False,False
2,4.65298843383789,5,20,42.0,4.67888450622559,True,False,False,True,True,False,False,False,0.5534668007565493,True,False,False,True,False,False,False
2,4.43442678451538,5,20,363.0,4.43834257125854,False,True,False,True,False,True,False,False,0.0882263295428603,False,False,False,False,True,False,False
2,4.41744422912598,5,20,360.0,4.42225360870361,True,False,False,True,False,False,True,False,0.1087540426936186,False,False,False,False,False,True,False
2,4.44013071060181,5,20,354.0,4.4433274269104,False,True,False,True,True,False,False,False,0.0719441986028246,False,False,False,False,False,False,True
3,4.57794141769409,9,35,234.0,4.57675933837891,True,False,False,True,False,True,False,False,-0.0258278670077267,False,True,False,False,False,False,False
3,4.55023145675659,9,35,266.0,4.55290937423706,False,True,False,True,False,False,False,True,0.0588177198435534,False,False,True,False,False,False,False
3,4.64690637588501,9,35,51.0,4.65298843383789,True,False,False,True,True,False,False,False,0.1307129394229624,False,False,False,True,False,False,False
3,4.4309868812561,9,35,372.0,4.43442678451538,False,True,False,True,False,True,False,False,0.0775726700752359,False,False,False,False,True,False,False
3,4.42020511627197,9,35,369.0,4.41744422912598,True,False,False,True,False,False,True,False,-0.0624996491814484,False,False,False,False,False,True,False
3,4.43814182281494,9,35,363.0,4.44013071060181,False,True,False,True,True,False,False,False,0.0447934512856039,False,False,False,False,False,False,True
4,4.56480693817139,10,20,244.0,4.57794141769409,True,False,False,True,False,True,False,False,0.2869079860203975,True,True,False,False,False,False,False
4,4.5462474822998,10,20,276.0,4.55023145675659,False,True,False,True,False,False,False,True,0.08755542426032,False,False,True,False,False,False,False
4,4.63155746459961,10,20,61.0,4.64690637588501,True,False,False,True,True,False,False,False,0.3303038633412596,True,False,False,True,False,False,False
4,4.42665863037109,10,20,382.0,4.4309868812561,False,True,False,True,False,True,False,False,0.0976814195347558,False,False,False,False,True,False,False
4,4.41117286682129,10,20,379.0,4.42020511627197,True,False,False,True,False,False,True,False,0.2043400523977923,False,False,False,False,False,True,False
4,4.43416833877563,10,20,373.0,4.43814182281494,False,True,False,True,True,False,False,False,0.0895303529707637,False,False,False,False,False,False,True
5,4.54949808120728,10,35,254.0,4.56480693817139,True,False,False,True,False,True,False,False,0.3353670192729551,True,True,False,False,False,False,False
5,4.52975082397461,10,35,286.0,4.5462474822998,False,True,False,True,False,False,False,True,0.3628631830848957,True,False,True,False,False,False,False
5,4.61282920837402,10,35,71.0,4.63155746459961,True,False,False,True,True,False,False,False,0.4043619531601645,True,False,False,True,False,False,False
5,4.40932941436768,10,35,392.0,4.42665863037109,False,True,False,True,False,True,False,False,0.3914739637819611,True,False,False,False,True,False,False
5,4.39819955825806,10,35,389.0,4.41117286682129,True,False,False,True,False,False,True,False,0.2941011144860976,True,False,False,False,False,True,False
5,4.41881942749023,10,35,383.0,4.43416833877563,False,True,False,True,True,False,False,False,0.3461508475259772,True,False,False,False,False,False,True
6,4.53862333297729,10,20,264.0,4.54949808120728,True,False,False,True,False,True,False,False,0.2390318236403004,True,True,False,False,False,False,False
6,4.52517032623291,10,20,296.0,4.52975082397461,False,True,False,True,False,False,False,True,0.1011203026324739,False,False,True,False,False,False,False
6,4.59701728820801,10,20,81.0,4.61282920837402,True,False,False,True,True,False,False,False,0.3427813918908099,True,False,False,True,False,False,False
6,4.40620994567871,10,20,402.0,4.40932941436768,False,True,False,True,False,True,False,False,0.0707470092573593,False,False,False,False,True,False,False
6,4.38618516921997,10,20,399.0,4.39819955825806,True,False,False,True,False,False,True,False,0.2731660735023303,True,False,False,False,False,True,False
6,4.41454410552979,10,20,393.0,4.41881942749023,False,True,False,True,True,False,False,False,0.0967525835937723,False,False,False,False,False,False,True
7,4.52327680587769,10,35,274.0,4.53862333297729,True,False,False,True,False,True,False,False,0.3381317631734917,True,True,False,False,False,False,False
7,4.51145315170288,10,35,306.0,4.52517032623291,False,True,False,True,False,False,False,True,0.3031305683790556,True,False,True,False,False,False,False
7,4.57806777954102,10,35,91.0,4.59701728820801,True,False,False,True,True,False,False,False,0.4122131260110258,True,False,False,True,False,False,False
7,4.39178705215454,10,35,412.0,4.40620994567871,False,True,False,True,False,True,False,False,0.3273310555325409,True,False,False,False,True,False,False
7,4.37280082702637,10,35,409.0,4.38618516921997,True,False,False,True,False,False,True,False,0.3051476779303461,True,False,False,False,False,True,False
7,4.40069723129272,10,35,403.0,4.41454410552979,False,True,False,True,True,False,False,False,0.3136648746973537,True,False,False,False,False,False,True
8,4.51680183410645,10,20,284.0,4.52327680587769,True,False,False,True,False,True,False,False,0.1431478118435389,False,True,False,False,False,False,False
8,4.50616502761841,10,20,316.0,4.51145315170288,False,True,False,True,False,False,False,True,0.1172155380240167,False,False,True,False,False,False,False
8,4.56740665435791,10,20,101.0,4.57806777954102,True,False,False,True,True,False,False,False,0.2328739043741015,True,False,False,True,False,False,False
8,4.38836145401001,10,20,422.0,4.39178705215454,False,True,False,True,False,True,False,False,0.0780000966315026,False,False,False,False,True,False,False
8,4.36430406570435,10,20,419.0,4.37280082702637,True,False,False,True,False,False,True,False,0.1943093604790993,False,False,False,False,False,True,False
8,4.39601469039917,10,20,413.0,4.40069723129272,False,True,False,True,True,False,False,False,0.1064045229072651,False,False,False,False,False,False,True
9,4.50140428543091,10,35,294.0,4.51680183410645,True,False,False,True,False,True,False,False,0.3408949349797154,True,True,False,False,False,False,False
9,4.48624324798584,10,35,326.0,4.50616502761841,False,True,False,True,False,False,False,True,0.442100533612706,True,False,True,False,False,False,False
9,4.55067205429077,10,35,111.0,4.56740665435791,True,False,False,True,True,False,False,False,0.3663917258423536,True,False,False,True,False,False,False
9,4.36824512481689,10,35,432.0,4.38836145401001,False,True,False,True,False,True,False,False,0.4584018295652861,True,False,False,False,True,False,False
9,4.35371732711792,10,35,429.0,4.36430406570435,True,False,False,True,False,False,True,False,0.2425756415466812,True,False,False,False,False,True,False
9,4.37763786315918,10,35,423.0,4.39601469039917,False,True,False,True,True,False,False,False,0.4180337995713469,True,False,False,False,False,False,True
10,4.49716138839722,10,20,304.0,4.50140428543091,True,False,False,True,False,True,False,False,0.094257186527814,False,True,False,False,False,False,False
10,4.48465394973755,10,20,336.0,4.48624324798584,False,True,False,True,False,False,False,True,0.0354260382337418,False,False,True,False,False,False,False
10,4.54440593719482,10,20,121.0,4.55067205429077,True,False,False,True,True,False,False,False,0.137696520891715,False,False,False,True,False,False,False
10,4.36783599853516,10,20,442.0,4.36824512481689,False,True,False,True,False,True,False,False,0.0093659185792014,False,False,False,False,True,False,False
10,4.34943294525146,10,20,439.0,4.35371732711792,True,False,False,True,False,False,True,False,0.0984074422970335,False,False,False,False,False,True,False
10,4.37618494033813,10,20,433.0,4.37763786315918,False,True,False,True,True,False,False,False,0.0331896531066834,False,False,False,False,False,False,True
11,4.47767972946167,10,35,314.0,4.49716138839722,True,False,True,False,False,True,False,False,0.4331990171803386,True,True,False,False,False,False,False
11,4.4634256362915,10,35,346.0,4.48465394973755,False,True,True,False,False,False,False,True,0.4733545482877599,True,False,True,False,False,False,False
11,4.52159833908081,10,35,131.0,4.54440593719482,True,False,True,False,True,False,False,False,0.5018829397993623,True,False,False,True,False,False,False
11,4.34599351882935,10,35,452.0,4.36783599853516,False,True,True,False,False,True,False,False,0.50007554571955,True,False,False,False,True,False,False
11,4.33067560195923,10,35,449.0,4.34943294525146,True,False,True,False,False,False,True,False,0.4312595119487619,True,False,False,False,False,True,False
11,4.3556547164917,10,35,443.0,4.37618494033813,False,True,True,False,True,False,False,False,0.4691351971254653,True,False,False,False,False,False,True
12,4.47392797470093,10,20,324.0,4.47767972946167,True,False,False,True,False,True,False,False,0.0837879211425998,False,True,False,False,False,False,False
12,4.46362447738647,10,20,356.0,4.4634256362915,False,True,False,True,False,False,False,True,-0.0044548987968582,False,False,True,False,False,False,False
12,4.51613569259644,10,20,141.0,4.52159833908081,True,False,False,True,True,False,False,False,0.1208122896975445,False,False,False,True,False,False,False
12,4.34610319137573,10,20,462.0,4.34599351882935,False,True,False,True,False,True,False,False,-0.002523532212012,False,False,False,False,True,False,False
12,4.32649898529053,10,20,459.0,4.33067560195923,True,False,False,True,False,False,True,False,0.0964426120213379,False,False,False,False,False,True,False
12,4.3548641204834,10,20,453.0,4.3556547164917,False,True,False,True,True,False,False,False,0.0181510257299891,False,False,False,False,False,False,True
13,4.46492147445679,10,35,334.0,4.47392797470093,True,False,True,False,False,True,False,False,0.2013108010470974,False,True,False,False,False,False,False
13,4.45230627059937,10,35,366.0,4.46362447738647,False,True,True,False,False,False,False,True,0.2535653893924226,True,False,True,False,False,False,False
13,4.50642347335815,10,35,151.0,4.51613569259644,True,False,True,False,True,False,False,False,0.2150559659713486,False,False,False,True,False,False,False
13,4.33328199386597,10,35,472.0,4.34610319137573,False,True,True,False,False,True,False,False,0.2950044429502131,True,False,False,False,True,False,False
13,4.31960678100586,10,35,469.0,4.32649898529053,True,False,True,False,False,False,True,False,0.159302112588082,False,False,False,False,False,True,False
13,4.34400033950806,10,35,463.0,4.3548641204834,False,True,True,False,True,False,False,False,0.2494631445385743,True,False,False,False,False,False,True
14,4.45641708374023,10,20,344.0,4.46492147445679,True,False,False,True,False,True,False,False,0.1904712269904925,False,True,False,False,False,False,False
14,4.44763565063477,10,20,376.0,4.45230627059937,False,True,False,True,False,False,False,True,0.1049033844648528,False,False,True,False,False,False,False
14,4.49615955352783,10,20,161.0,4.50642347335815,True,False,False,True,True,False,False,False,0.2277619911000288,True,False,False,True,False,False,False
14,4.32367658615112,10,20,482.0,4.33328199386597,False,True,False,True,False,True,False,False,0.2216658811599849,True,False,False,False,True,False,False
14,4.30902242660522,10,20,479.0,4.31960678100586,True,False,False,True,False,False,True,False,0.2450305071096177,True,False,False,False,False,True,False
14,4.33900499343872,10,20,473.0,4.34400033950806,False,True,False,True,True,False,False,False,0.1149941454633053,False,False,False,False,False,False,True
15,4.45068216323853,10,35,354.0,4.45641708374023,True,False,True,False,False,True,False,False,0.1286890431020167,False,True,False,False,False,False,False
15,4.43637895584106,10,35,386.0,4.44763565063477,False,True,True,False,False,False,False,True,0.2530939060195609,True,False,True,False,False,False,False
15,4.4885516166687,10,35,171.0,4.49615955352783,True,False,True,False,True,False,False,False,0.1692096725784684,False,False,False,True,False,False,False
15,4.31850385665894,10,35,492.0,4.32367658615112,False,True,True,False,False,True,False,False,0.1196372899108323,False,False,False,False,True,False,False
15,4.30778932571411,10,35,489.0,4.30902242660522,True,False,True,False,False,False,True,False,0.0286167201984419,False,False,False,False,False,True,False
15,4.32850456237793,10,35,483.0,4.33900499343872,False,True,True,False,True,False,False,False,0.2420008982858624,True,False,False,False,False,False,True
16,4.47613382339478,0,20,354.0,4.45068216323853,True,False,True,False,False,True,False,False,-0.5718597559375067,False,True,False,False,False,False,False
16,4.43612957000732,0,20,386.0,4.43637895584106,False,True,True,False,False,False,False,True,0.0056213825785077,False,False,True,False,False,False,False
16,4.51626205444336,0,20,171.0,4.4885516166687,True,False,True,False,True,False,False,False,-0.6173581177445839,False,False,False,True,False,False,False
16,4.32101917266846,0,20,492.0,4.31850385665894,False,True,True,False,False,True,False,False,-0.0582450796157378,False,False,False,False,True,False,False
16,4.34257030487061,0,20,489.0,4.30778932571411,True,False,True,False,False,False,True,False,-0.807397403324355,False,False,False,False,False,True,False
16,4.33187198638916,0,20,483.0,4.32850456237793,False,True,True,False,True,False,False,False,-0.0777964759584433,False,False,False,False,False,False,True
17,4.44267702102661,10,35,364.0,4.47613382339478,True,False,False,True,False,True,False,False,0.7474486619078594,True,True,False,False,False,False,False
17,4.3904447555542,10,35,181.0,4.43612957000732,False,True,False,True,False,False,False,True,-1.606694627158213,False,False,True,False,False,False,False
17,4.4793643951416,10,35,499.0,4.51626205444336,True,False,False,True,True,False,False,False,-0.9746069056817172,False,False,False,True,False,False,False
17,4.27435636520386,10,35,396.0,4.32101917266846,False,True,False,True,False,True,False,False,1.570819465841263,True,False,False,False,True,False,False
17,4.30150365829468,10,35,502.0,4.34257030487061,True,False,False,True,False,False,True,False,4.755224421430286,True,False,False,False,False,True,False
18,4.42174959182739,10,20,374.0,4.44267702102661,True,False,False,True,False,True,False,False,0.4710544813447778,True,True,False,False,False,False,False
18,4.41132831573486,10,20,191.0,4.3904447555542,False,True,False,True,False,False,False,True,-0.4756593316483609,False,False,True,False,False,False,False
18,4.45620203018188,10,20,509.0,4.4793643951416,True,False,False,True,True,False,False,False,0.5170904377603613,True,False,False,True,False,False,False
18,4.29074621200562,10,20,406.0,4.27435636520386,False,True,False,True,False,True,False,False,-0.3834459600791357,False,False,False,False,True,False,False
18,4.28052568435669,10,20,512.0,4.30150365829468,True,False,False,True,False,False,True,False,0.4876893199320611,True,False,False,False,False,True,False
19,4.41771030426025,10,35,384.0,4.42174959182739,True,False,False,True,False,True,False,False,0.0913504368181607,False,True,False,False,False,False,False
19,4.38637924194336,10,35,201.0,4.41132831573486,False,True,False,True,False,False,False,True,0.5655682825172657,True,False,True,False,False,False,False
19,4.45102643966675,10,35,519.0,4.45620203018188,True,False,False,True,True,False,False,False,0.1161435338899852,False,False,False,True,False,False,False
19,4.28032255172729,10,35,416.0,4.29074621200562,False,True,False,True,False,True,False,False,0.2429335076766929,True,False,False,False,True,False,False
19,4.26959085464478,10,35,522.0,4.28052568435669,True,False,False,True,False,False,True,False,0.2554552996112644,True,False,False,False,False,True,False
